{
    "loss": 2.905127763748169,
    "accuracy": 0.5035971403121948
}