{
    "loss": 8.775656700134277,
    "accuracy": 0.5179855823516846
}