{
    "loss": 4.861155033111572,
    "accuracy": 0.5179855823516846
}