{
    "loss": 6.07614278793335,
    "accuracy": 0.5035971403121948
}