{
    "loss": 0.489109069108963,
    "accuracy": 0.6402877569198608
}