{
    "loss": 1.6862375736236572,
    "accuracy": 0.7841726541519165
}